firstname,email
Dayanand Pai,adspai@gmail.com
AmbikaChandrashekar,amby31@gmail.com
SUBRAMANYAM M,bms937@gmail.com
DeepakKulkarni,deepk8@gmail.com
Narasimha Murthy Gonapa,gnm444@gmail.com
Mahesh Patil,gpmaya@gmail.com
JOHN NELSON,j31579@gmail.com
JINSON MAROKKEY,insonm@gmail.com
MURALI KRISHNA B,86kris@gmail.com
ushamm,ushhhm@gmail.com
niranjanreddy,nirupu@gmail.com
durgat,suma.d@gmail.com
meerameera,ameu22@gmail.com
Apisha Agrawal,apisha@gmail.com
Pabitra MohanRay,bkpabi@gmail.com
Madhu BV,mdhbvr@gmail.com
Damu Damu,damu80@gmail.com
sivarajkumar,gskmdu@gmail.com
VENKATESHLAKSHMANAN,gv0325@gmail.com
Narayanswamy Narasimhan,mnns52@gmail.com
MonicaSam,msam04@gmail.com
PANKAJSHARMA,pnkj03@gmail.com
RILSINRanjith,rilsin@gmail.com
P RKumar,rputla@gmail.com
JKSahu,jksh07@gmail.com
saiPrasad,bhgrtd@gmail.com
Siddalingaswamy C Abbigeri,siniha@gmail.com
Dayasagar SK,skdaya@gmail.com
S VINODH,svvino@gmail.com
THOMSON THOMAS,tomsmt@gmail.com
NIDHEESH K V KUNNUMMAL HOUSE,nkvlnt@gmail.com
KrishnamVadlamuru,vkrajv@gmail.com
vishalanand,vic14m@gmail.com
Arvindkumar Varshney,agprem@gmail.com
Cijom mathews,cijomk@gmail.com
MohamedRafi,kcrafi@gmail.com
Prian Kuruvilla,kprian@gmail.com
Rajeshkumar,raj3k5@gmail.com
ramyakr,rmmmya@gmail.com
Mohammad Sadiq,sadihm@gmail.com
SajoAugusthy,sajn12@gmail.com
Senthilkumar paramasivam,sen4ru@gmail.coml
sridhar gv,sriwep@gmail.com
Vijay T,vk1321@gmail.com
sA,wildf8@gmail.com
AsvinRamakrishnan,rasvin@gmail.com
RenukaC,renumg@gmail.com
nk revathi,rerevu@gmail.com
sai krishna,saibgl@gmail.com
sakrappam,saktab@gmail.com
Sanjeevkumar Naik,naik22@gmail.com
shiletcijo,shilet@gmail.com
srinivasakv,sriatu@gmail.com
sujoypayyamballi,sujokv@gmail.com
arifiqbal,tech35@gmail.com
TeenuSusan Baby,tsb808@gmail.com
mruthyunjaya sulachar,tsmjay@gmail.com
VIKAS PV,pvviku@gmail.com
vadirajkurdekar,vrajsk@gmail.com
Basanta Sethy,bsethy@gmail.com
AmitChakravarty,camitk@gmail.com
ArindamMukherjee,arib4u@gmail.com
GauravJain,gj0960@gmail.com
reemadeuri,deurir@gmail.com
LAXMIKANTC MULE,mulelc@gmail.com
SuganyaM,msugan@gmail.com
NISHANTH Y K,nishyk@gmail.com
PrithviRamaswamy,pri116@gmail.com
Sharada Rao,sharao@gmail.com
ConfidentialC,sharao@gmail.com
SivanarayanaM,sivrct@gmail.com
savitha t,tsavi7@gmail.com
VARGHESECHACKO,vcjoji@gmail.com
yogitanewar,ynewar@gmail.com
Ajay Srivastava,ajayku@gmail.com
arun kumar,satddo@gmail.com
Bhaskar Dutta,dutta6@gmail.com
durgesh kumar,durgsh@gmail.com
ESA MOHIADEEN,esa786@gmail.com
Maheshpatil,gpmaya@gmail.com
HEMAVATHI .V,hema3v@gmail.com
MeeraSudhir,meesud@gmail.com
NAGARAJ,naguhn@gmail.com
nagashree nagashree,nnashu@gmail.com
Pavithra NM,pavinm@gmail.com
AbbasB,abstha@gmail.com
ANOJ JOSEPH,anoj4u@gmail.com
Abdul AzizSulaiman,azy777@gmail.com
Abdul Bari,baria3@gmail.com
Jaya Bhiravabhotla,bjayac@gmail.com
CHOWDA HANUMAIAH,hanubk@gmail.com
AmarnathChowdhary,c4amar@gmail.com
eldoeldokc,eldokc@gmail.com
ETHIHAS GS,ethi4u@gmail.com
GANGADHARAG N,gngmrf@gmail.com
gunasankarchinnu,tgrvdx@gmail.com
usman khan,khanck@gmail.com
senthil kumar,amsen2@gmail.com
viju r,kvijur@gmail.com
